image_name,x,y,motor_visible
0001.png,223,323,1
0002.png,-1,-1,0
0003.png,-1,-1,0
0004.png,-1,-1,0
0005.png,363,73,1
0006.png,193,243,1
0007.png,-1,-1,0
0008.png,169,85,1
0009.png,176,328,1
0010.png,-1,-1,0
0011.png,127,423,1
0012.png,251,448,1
0013.png,59,246,1
0014.png,-1,-1,0
0015.png,-1,-1,0
0016.png,-1,-1,0
0017.png,-1,-1,0
0018.png,52,348,1
0019.png,-1,-1,0
0020.png,88,157,1
0021.png,-1,-1,0
0022.png,246,444,1
0023.png,-1,-1,0
0024.png,254,454,1
0025.png,-1,-1,0
0026.png,-1,-1,0
0027.png,-1,-1,0
0028.png,-1,-1,0
0029.png,225,213,1
0030.png,-1,-1,0
0031.png,460,228,1
0032.png,118,303,1
0033.png,-1,-1,0
0034.png,-1,-1,0
0035.png,315,391,1
0036.png,-1,-1,0
0037.png,-1,-1,0
0038.png,408,75,1
0039.png,-1,-1,0
0040.png,78,211,1
0041.png,-1,-1,0
0042.png,-1,-1,0
0043.png,-1,-1,0
0044.png,127,355,1
0045.png,250,122,1
0046.png,68,326,1
0047.png,390,325,1
0048.png,334,306,1
0049.png,457,454,1
0050.png,-1,-1,0
0051.png,-1,-1,0
0052.png,193,170,1
0053.png,341,398,1
0054.png,287,92,1
0055.png,-1,-1,0
0056.png,172,64,1
0057.png,458,328,1
0058.png,-1,-1,0
0059.png,-1,-1,0
0060.png,-1,-1,0
0061.png,-1,-1,0
0062.png,-1,-1,0
0063.png,105,126,1
0064.png,453,326,1
0065.png,97,453,1
0066.png,319,305,1
0067.png,195,361,1
0068.png,89,237,1
0069.png,403,462,1
0070.png,459,263,1
0071.png,-1,-1,0
0072.png,-1,-1,0
0073.png,245,195,1
0074.png,-1,-1,0
0075.png,139,326,1
0076.png,458,172,1
0077.png,-1,-1,0
0078.png,230,83,1
0079.png,-1,-1,0
0080.png,360,61,1
0081.png,126,235,1
0082.png,178,58,1
0083.png,-1,-1,0
0084.png,271,479,1
0085.png,205,478,1
0086.png,137,362,1
0087.png,378,459,1
0088.png,-1,-1,0
0089.png,-1,-1,0
0090.png,284,292,1
0091.png,330,405,1
0092.png,-1,-1,0
0093.png,-1,-1,0
0094.png,-1,-1,0
0095.png,201,242,1
0096.png,-1,-1,0
0097.png,-1,-1,0
0098.png,462,55,1
0099.png,340,209,1
0100.png,-1,-1,0
0101.png,369,82,1
0102.png,95,166,1
0103.png,-1,-1,0
0104.png,-1,-1,0
0105.png,-1,-1,0
0106.png,-1,-1,0
0107.png,-1,-1,0
0108.png,-1,-1,0
0109.png,-1,-1,0
0110.png,73,119,1
0111.png,163,452,1
0112.png,-1,-1,0
0113.png,-1,-1,0
0114.png,-1,-1,0
0115.png,373,98,1
0116.png,-1,-1,0
0117.png,56,446,1
0118.png,-1,-1,0
0119.png,-1,-1,0
0120.png,130,228,1
0121.png,292,386,1
0122.png,-1,-1,0
0123.png,354,236,1
0124.png,-1,-1,0
0125.png,-1,-1,0
0126.png,114,156,1
0127.png,139,350,1
0128.png,-1,-1,0
0129.png,-1,-1,0
0130.png,-1,-1,0
0131.png,402,178,1
0132.png,-1,-1,0
0133.png,-1,-1,0
0134.png,50,377,1
0135.png,-1,-1,0
0136.png,-1,-1,0
0137.png,-1,-1,0
0138.png,-1,-1,0
0139.png,-1,-1,0
0140.png,-1,-1,0
0141.png,73,430,1
0142.png,-1,-1,0
0143.png,166,364,1
0144.png,120,321,1
0145.png,-1,-1,0
0146.png,451,242,1
0147.png,-1,-1,0
0148.png,236,402,1
0149.png,-1,-1,0
0150.png,-1,-1,0
0151.png,275,294,1
0152.png,70,83,1
0153.png,-1,-1,0
0154.png,130,35,1
0155.png,-1,-1,0
0156.png,-1,-1,0
0157.png,-1,-1,0
0158.png,-1,-1,0
0159.png,-1,-1,0
0160.png,92,236,1
0161.png,-1,-1,0
0162.png,181,82,1
0163.png,-1,-1,0
0164.png,-1,-1,0
0165.png,330,246,1
0166.png,-1,-1,0
0167.png,-1,-1,0
0168.png,-1,-1,0
0169.png,68,311,1
0170.png,-1,-1,0
0171.png,362,126,1
0172.png,-1,-1,0
0173.png,-1,-1,0
0174.png,442,415,1
0175.png,-1,-1,0
0176.png,77,179,1
0177.png,369,147,1
0178.png,-1,-1,0
0179.png,462,359,1
0180.png,306,72,1
0181.png,300,115,1
0182.png,-1,-1,0
0183.png,-1,-1,0
0184.png,-1,-1,0
0185.png,398,150,1
0186.png,429,458,1
0187.png,-1,-1,0
0188.png,432,443,1
0189.png,-1,-1,0
0190.png,-1,-1,0
0191.png,121,348,1
0192.png,-1,-1,0
0193.png,-1,-1,0
0194.png,-1,-1,0
0195.png,432,289,1
0196.png,-1,-1,0
0197.png,463,116,1
0198.png,371,464,1
0199.png,145,216,1
0200.png,-1,-1,0
0201.png,-1,-1,0
0202.png,53,350,1
0203.png,309,64,1
0204.png,208,86,1
0205.png,-1,-1,0
0206.png,-1,-1,0
0207.png,-1,-1,0
0208.png,-1,-1,0
0209.png,-1,-1,0
0210.png,-1,-1,0
0211.png,-1,-1,0
0212.png,92,430,1
0213.png,-1,-1,0
0214.png,430,182,1
0215.png,93,290,1
0216.png,-1,-1,0
0217.png,-1,-1,0
0218.png,-1,-1,0
0219.png,395,327,1
0220.png,-1,-1,0
0221.png,216,450,1
0222.png,444,469,1
0223.png,-1,-1,0
0224.png,-1,-1,0
0225.png,-1,-1,0
0226.png,381,191,1
0227.png,-1,-1,0
0228.png,320,287,1
0229.png,-1,-1,0
0230.png,444,213,1
0231.png,299,135,1
0232.png,274,357,1
0233.png,218,125,1
0234.png,251,237,1
0235.png,-1,-1,0
0236.png,-1,-1,0
0237.png,-1,-1,0
0238.png,180,192,1
0239.png,411,300,1
0240.png,-1,-1,0
0241.png,287,288,1
0242.png,247,134,1
0243.png,123,264,1
0244.png,369,92,1
0245.png,-1,-1,0
0246.png,416,322,1
0247.png,-1,-1,0
0248.png,437,226,1
0249.png,251,344,1
0250.png,375,154,1
0251.png,288,465,1
0252.png,-1,-1,0
0253.png,-1,-1,0
0254.png,-1,-1,0
0255.png,228,125,1
0256.png,48,449,1
0257.png,-1,-1,0
0258.png,115,68,1
0259.png,340,416,1
0260.png,-1,-1,0
0261.png,-1,-1,0
0262.png,289,86,1
0263.png,431,460,1
0264.png,422,370,1
0265.png,431,417,1
0266.png,-1,-1,0
0267.png,278,347,1
0268.png,347,52,1
0269.png,226,203,1
0270.png,-1,-1,0
0271.png,-1,-1,0
0272.png,-1,-1,0
0273.png,365,137,1
0274.png,-1,-1,0
0275.png,-1,-1,0
0276.png,461,271,1
0277.png,-1,-1,0
0278.png,-1,-1,0
0279.png,48,189,1
0280.png,462,47,1
0281.png,-1,-1,0
0282.png,294,114,1
0283.png,74,339,1
0284.png,71,248,1
0285.png,270,371,1
0286.png,456,363,1
0287.png,-1,-1,0
0288.png,-1,-1,0
0289.png,135,175,1
0290.png,303,190,1
0291.png,-1,-1,0
0292.png,351,88,1
0293.png,204,438,1
0294.png,339,272,1
0295.png,-1,-1,0
0296.png,148,211,1
0297.png,-1,-1,0
0298.png,155,382,1
0299.png,-1,-1,0
0300.png,-1,-1,0
0301.png,50,406,1
0302.png,295,131,1
0303.png,-1,-1,0
0304.png,-1,-1,0
0305.png,357,363,1
0306.png,-1,-1,0
0307.png,-1,-1,0
0308.png,-1,-1,0
0309.png,-1,-1,0
0310.png,-1,-1,0
0311.png,121,395,1
0312.png,463,408,1
0313.png,-1,-1,0
0314.png,-1,-1,0
0315.png,168,232,1
0316.png,326,394,1
0317.png,-1,-1,0
0318.png,-1,-1,0
0319.png,275,174,1
0320.png,-1,-1,0
0321.png,153,127,1
0322.png,-1,-1,0
0323.png,-1,-1,0
0324.png,360,277,1
0325.png,-1,-1,0
0326.png,272,359,1
0327.png,309,468,1
0328.png,93,432,1
0329.png,294,404,1
0330.png,105,319,1
0331.png,137,255,1
0332.png,-1,-1,0
0333.png,153,75,1
0334.png,302,345,1
0335.png,105,262,1
0336.png,295,132,1
0337.png,90,359,1
0338.png,-1,-1,0
0339.png,227,121,1
0340.png,48,282,1
0341.png,-1,-1,0
0342.png,-1,-1,0
0343.png,407,405,1
0344.png,-1,-1,0
0345.png,-1,-1,0
0346.png,344,47,1
0347.png,-1,-1,0
0348.png,64,444,1
0349.png,-1,-1,0
0350.png,-1,-1,0
0351.png,302,180,1
0352.png,-1,-1,0
0353.png,86,33,1
0354.png,252,304,1
0355.png,-1,-1,0
0356.png,-1,-1,0
0357.png,-1,-1,0
0358.png,-1,-1,0
0359.png,-1,-1,0
0360.png,-1,-1,0
0361.png,119,374,1
0362.png,-1,-1,0
0363.png,267,232,1
0364.png,-1,-1,0
0365.png,368,408,1
0366.png,433,95,1
0367.png,-1,-1,0
0368.png,297,432,1
0369.png,-1,-1,0
0370.png,-1,-1,0
0371.png,-1,-1,0
0372.png,196,357,1
0373.png,-1,-1,0
0374.png,368,327,1
0375.png,157,458,1
0376.png,307,205,1
0377.png,-1,-1,0
0378.png,371,124,1
0379.png,-1,-1,0
0380.png,-1,-1,0
0381.png,329,427,1
0382.png,-1,-1,0
0383.png,-1,-1,0
0384.png,-1,-1,0
0385.png,232,260,1
0386.png,-1,-1,0
0387.png,-1,-1,0
0388.png,-1,-1,0
0389.png,379,38,1
0390.png,-1,-1,0
0391.png,203,157,1
0392.png,-1,-1,0
0393.png,-1,-1,0
0394.png,-1,-1,0
0395.png,-1,-1,0
0396.png,-1,-1,0
0397.png,-1,-1,0
0398.png,82,424,1
0399.png,192,347,1
0400.png,72,224,1
0401.png,180,96,1
0402.png,347,364,1
0403.png,148,176,1
0404.png,246,64,1
0405.png,-1,-1,0
0406.png,232,434,1
0407.png,383,294,1
0408.png,-1,-1,0
0409.png,-1,-1,0
0410.png,-1,-1,0
0411.png,-1,-1,0
0412.png,280,57,1
0413.png,-1,-1,0
0414.png,-1,-1,0
0415.png,104,176,1
0416.png,-1,-1,0
0417.png,-1,-1,0
0418.png,-1,-1,0
0419.png,-1,-1,0
0420.png,-1,-1,0
0421.png,166,383,1
0422.png,-1,-1,0
0423.png,-1,-1,0
0424.png,216,58,1
0425.png,200,476,1
0426.png,-1,-1,0
0427.png,-1,-1,0
0428.png,-1,-1,0
0429.png,-1,-1,0
0430.png,446,312,1
0431.png,-1,-1,0
0432.png,348,252,1
0433.png,428,478,1
0434.png,-1,-1,0
0435.png,368,461,1
0436.png,92,120,1
0437.png,-1,-1,0
0438.png,-1,-1,0
0439.png,141,435,1
0440.png,-1,-1,0
0441.png,401,150,1
0442.png,53,344,1
0443.png,-1,-1,0
0444.png,339,226,1
0445.png,-1,-1,0
0446.png,-1,-1,0
0447.png,296,142,1
0448.png,-1,-1,0
0449.png,-1,-1,0
0450.png,-1,-1,0
0451.png,-1,-1,0
0452.png,342,54,1
0453.png,-1,-1,0
0454.png,432,411,1
0455.png,-1,-1,0
0456.png,90,361,1
0457.png,-1,-1,0
0458.png,-1,-1,0
0459.png,223,346,1
0460.png,-1,-1,0
0461.png,-1,-1,0
0462.png,-1,-1,0
0463.png,115,33,1
0464.png,-1,-1,0
0465.png,373,178,1
0466.png,60,289,1
0467.png,-1,-1,0
0468.png,144,175,1
0469.png,-1,-1,0
0470.png,429,150,1
0471.png,157,301,1
0472.png,-1,-1,0
0473.png,-1,-1,0
0474.png,366,382,1
0475.png,280,304,1
0476.png,-1,-1,0
0477.png,-1,-1,0
0478.png,-1,-1,0
0479.png,358,347,1
0480.png,-1,-1,0
0481.png,-1,-1,0
0482.png,328,324,1
0483.png,-1,-1,0
0484.png,-1,-1,0
0485.png,68,143,1
0486.png,-1,-1,0
0487.png,-1,-1,0
0488.png,104,399,1
0489.png,-1,-1,0
0490.png,348,374,1
0491.png,-1,-1,0
0492.png,290,207,1
0493.png,237,54,1
0494.png,-1,-1,0
0495.png,-1,-1,0
0496.png,274,81,1
0497.png,-1,-1,0
0498.png,-1,-1,0
0499.png,251,159,1
0500.png,402,459,1
0501.png,-1,-1,0
0502.png,-1,-1,0
0503.png,-1,-1,0
0504.png,82,222,1
0505.png,-1,-1,0
0506.png,391,426,1
0507.png,-1,-1,0
0508.png,430,141,1
0509.png,72,409,1
0510.png,149,393,1
0511.png,368,241,1
0512.png,-1,-1,0
0513.png,-1,-1,0
0514.png,-1,-1,0
0515.png,-1,-1,0
0516.png,-1,-1,0
0517.png,-1,-1,0
0518.png,208,276,1
0519.png,380,423,1
0520.png,375,284,1
0521.png,-1,-1,0
0522.png,100,455,1
0523.png,-1,-1,0
0524.png,66,71,1
0525.png,-1,-1,0
0526.png,340,436,1
0527.png,-1,-1,0
0528.png,-1,-1,0
0529.png,-1,-1,0
0530.png,-1,-1,0
0531.png,-1,-1,0
0532.png,177,115,1
0533.png,-1,-1,0
0534.png,-1,-1,0
0535.png,436,425,1
0536.png,-1,-1,0
0537.png,-1,-1,0
0538.png,-1,-1,0
0539.png,75,51,1
0540.png,409,111,1
0541.png,-1,-1,0
0542.png,185,70,1
0543.png,-1,-1,0
0544.png,-1,-1,0
0545.png,-1,-1,0
0546.png,148,305,1
0547.png,126,303,1
0548.png,119,159,1
0549.png,-1,-1,0
0550.png,120,197,1
0551.png,199,356,1
0552.png,-1,-1,0
0553.png,281,440,1
0554.png,420,182,1
0555.png,-1,-1,0
0556.png,257,145,1
0557.png,177,215,1
0558.png,-1,-1,0
0559.png,298,352,1
0560.png,-1,-1,0
0561.png,339,317,1
0562.png,276,114,1
0563.png,-1,-1,0
0564.png,350,276,1
0565.png,416,380,1
0566.png,205,466,1
0567.png,-1,-1,0
0568.png,-1,-1,0
0569.png,89,398,1
0570.png,-1,-1,0
0571.png,280,333,1
0572.png,102,123,1
0573.png,77,350,1
0574.png,212,221,1
0575.png,-1,-1,0
0576.png,393,363,1
0577.png,-1,-1,0
0578.png,90,365,1
0579.png,447,225,1
0580.png,217,179,1
0581.png,-1,-1,0
0582.png,-1,-1,0
0583.png,75,373,1
0584.png,-1,-1,0
0585.png,-1,-1,0
0586.png,144,387,1
0587.png,-1,-1,0
0588.png,155,90,1
0589.png,308,185,1
0590.png,-1,-1,0
0591.png,-1,-1,0
0592.png,-1,-1,0
0593.png,-1,-1,0
0594.png,250,241,1
0595.png,-1,-1,0
0596.png,-1,-1,0
0597.png,-1,-1,0
0598.png,69,390,1
0599.png,-1,-1,0
0600.png,-1,-1,0
0601.png,397,385,1
0602.png,119,109,1
0603.png,-1,-1,0
0604.png,-1,-1,0
0605.png,459,273,1
0606.png,-1,-1,0
0607.png,-1,-1,0
0608.png,-1,-1,0
0609.png,-1,-1,0
0610.png,-1,-1,0
0611.png,300,277,1
0612.png,87,332,1
0613.png,219,273,1
0614.png,-1,-1,0
0615.png,290,323,1
0616.png,-1,-1,0
0617.png,444,423,1
0618.png,279,318,1
0619.png,-1,-1,0
0620.png,217,149,1
0621.png,-1,-1,0
0622.png,-1,-1,0
0623.png,120,102,1
0624.png,457,327,1
0625.png,-1,-1,0
0626.png,-1,-1,0
0627.png,-1,-1,0
0628.png,-1,-1,0
0629.png,-1,-1,0
0630.png,404,238,1
0631.png,-1,-1,0
0632.png,-1,-1,0
0633.png,-1,-1,0
0634.png,50,114,1
0635.png,246,83,1
0636.png,375,380,1
0637.png,441,410,1
0638.png,-1,-1,0
0639.png,181,190,1
0640.png,144,425,1
0641.png,-1,-1,0
0642.png,-1,-1,0
0643.png,353,428,1
0644.png,127,281,1
0645.png,-1,-1,0
0646.png,-1,-1,0
0647.png,-1,-1,0
0648.png,-1,-1,0
0649.png,205,231,1
0650.png,246,341,1
0651.png,88,69,1
0652.png,-1,-1,0
0653.png,409,209,1
0654.png,-1,-1,0
0655.png,364,43,1
0656.png,163,388,1
0657.png,80,154,1
0658.png,175,265,1
0659.png,-1,-1,0
0660.png,-1,-1,0
0661.png,-1,-1,0
0662.png,122,59,1
0663.png,194,149,1
0664.png,338,175,1
0665.png,455,47,1
0666.png,-1,-1,0
0667.png,-1,-1,0
0668.png,134,153,1
0669.png,-1,-1,0
0670.png,269,237,1
0671.png,206,205,1
0672.png,-1,-1,0
0673.png,211,399,1
0674.png,-1,-1,0
0675.png,325,190,1
0676.png,-1,-1,0
0677.png,247,55,1
0678.png,-1,-1,0
0679.png,-1,-1,0
0680.png,-1,-1,0
0681.png,-1,-1,0
0682.png,461,437,1
0683.png,299,440,1
0684.png,59,77,1
0685.png,-1,-1,0
0686.png,426,420,1
0687.png,69,432,1
0688.png,407,477,1
0689.png,314,76,1
0690.png,-1,-1,0
0691.png,-1,-1,0
0692.png,464,293,1
0693.png,-1,-1,0
0694.png,448,284,1
0695.png,-1,-1,0
0696.png,157,216,1
0697.png,421,38,1
0698.png,329,283,1
0699.png,322,319,1
0700.png,-1,-1,0
0701.png,52,98,1
0702.png,-1,-1,0
0703.png,-1,-1,0
0704.png,-1,-1,0
0705.png,372,50,1
0706.png,-1,-1,0
0707.png,260,448,1
0708.png,-1,-1,0
0709.png,-1,-1,0
0710.png,-1,-1,0
0711.png,336,171,1
0712.png,288,325,1
0713.png,176,386,1
0714.png,-1,-1,0
0715.png,-1,-1,0
0716.png,-1,-1,0
0717.png,187,275,1
0718.png,-1,-1,0
0719.png,-1,-1,0
0720.png,422,119,1
0721.png,-1,-1,0
0722.png,-1,-1,0
0723.png,174,241,1
0724.png,138,344,1
0725.png,332,327,1
0726.png,174,222,1
0727.png,-1,-1,0
0728.png,-1,-1,0
0729.png,183,234,1
0730.png,-1,-1,0
0731.png,360,299,1
0732.png,406,466,1
0733.png,-1,-1,0
0734.png,120,161,1
0735.png,-1,-1,0
0736.png,135,52,1
0737.png,-1,-1,0
0738.png,71,322,1
0739.png,-1,-1,0
0740.png,101,317,1
0741.png,203,260,1
0742.png,205,145,1
0743.png,-1,-1,0
0744.png,-1,-1,0
0745.png,220,275,1
0746.png,-1,-1,0
0747.png,-1,-1,0
0748.png,-1,-1,0
0749.png,-1,-1,0
0750.png,125,265,1
0751.png,-1,-1,0
0752.png,-1,-1,0
0753.png,-1,-1,0
0754.png,378,412,1
0755.png,-1,-1,0
0756.png,239,160,1
0757.png,285,92,1
0758.png,-1,-1,0
0759.png,-1,-1,0
0760.png,71,137,1
0761.png,461,102,1
0762.png,-1,-1,0
0763.png,-1,-1,0
0764.png,88,403,1
0765.png,95,369,1
0766.png,50,354,1
0767.png,227,310,1
0768.png,107,64,1
0769.png,-1,-1,0
0770.png,-1,-1,0
0771.png,60,201,1
0772.png,308,47,1
0773.png,63,445,1
0774.png,-1,-1,0
0775.png,-1,-1,0
0776.png,-1,-1,0
0777.png,133,451,1
0778.png,-1,-1,0
0779.png,264,319,1
0780.png,-1,-1,0
0781.png,-1,-1,0
0782.png,-1,-1,0
0783.png,213,394,1
0784.png,53,153,1
0785.png,-1,-1,0
0786.png,-1,-1,0
0787.png,-1,-1,0
0788.png,220,173,1
0789.png,-1,-1,0
0790.png,280,306,1
0791.png,456,185,1
0792.png,-1,-1,0
0793.png,445,215,1
0794.png,291,265,1
0795.png,-1,-1,0
0796.png,-1,-1,0
0797.png,357,263,1
0798.png,403,34,1
0799.png,-1,-1,0
0800.png,78,472,1
0801.png,-1,-1,0
0802.png,374,403,1
0803.png,-1,-1,0
0804.png,-1,-1,0
0805.png,-1,-1,0
0806.png,263,415,1
0807.png,273,91,1
0808.png,420,415,1
0809.png,-1,-1,0
0810.png,133,154,1
0811.png,-1,-1,0
0812.png,413,91,1
0813.png,-1,-1,0
0814.png,175,233,1
0815.png,429,186,1
0816.png,-1,-1,0
0817.png,377,282,1
0818.png,-1,-1,0
0819.png,-1,-1,0
0820.png,63,342,1
0821.png,461,474,1
0822.png,-1,-1,0
0823.png,-1,-1,0
0824.png,330,231,1
0825.png,88,79,1
0826.png,376,295,1
0827.png,444,329,1
0828.png,353,386,1
0829.png,-1,-1,0
0830.png,-1,-1,0
0831.png,-1,-1,0
0832.png,-1,-1,0
0833.png,284,110,1
0834.png,424,326,1
0835.png,179,158,1
0836.png,254,466,1
0837.png,-1,-1,0
0838.png,-1,-1,0
0839.png,-1,-1,0
0840.png,315,238,1
0841.png,266,255,1
0842.png,-1,-1,0
0843.png,-1,-1,0
0844.png,206,54,1
0845.png,-1,-1,0
0846.png,-1,-1,0
0847.png,261,276,1
0848.png,265,410,1
0849.png,95,345,1
0850.png,-1,-1,0
0851.png,-1,-1,0
0852.png,-1,-1,0
0853.png,347,243,1
0854.png,-1,-1,0
0855.png,-1,-1,0
0856.png,206,91,1
0857.png,-1,-1,0
0858.png,113,438,1
0859.png,-1,-1,0
0860.png,-1,-1,0
0861.png,200,379,1
0862.png,168,303,1
0863.png,324,390,1
0864.png,50,334,1
0865.png,-1,-1,0
0866.png,97,339,1
0867.png,-1,-1,0
0868.png,211,93,1
0869.png,326,157,1
0870.png,-1,-1,0
0871.png,-1,-1,0
0872.png,-1,-1,0
0873.png,-1,-1,0
0874.png,275,402,1
0875.png,141,201,1
0876.png,-1,-1,0
0877.png,-1,-1,0
0878.png,-1,-1,0
0879.png,-1,-1,0
0880.png,-1,-1,0
0881.png,-1,-1,0
0882.png,332,134,1
0883.png,-1,-1,0
0884.png,-1,-1,0
0885.png,166,40,1
0886.png,378,363,1
0887.png,-1,-1,0
0888.png,-1,-1,0
0889.png,-1,-1,0
0890.png,-1,-1,0
0891.png,-1,-1,0
0892.png,-1,-1,0
0893.png,215,472,1
0894.png,432,402,1
0895.png,-1,-1,0
0896.png,267,111,1
0897.png,330,173,1
0898.png,151,152,1
0899.png,-1,-1,0
0900.png,87,433,1
0901.png,-1,-1,0
0902.png,228,275,1
0903.png,-1,-1,0
0904.png,324,327,1
0905.png,95,142,1
0906.png,240,174,1
0907.png,257,224,1
0908.png,-1,-1,0
0909.png,400,469,1
0910.png,209,269,1
0911.png,-1,-1,0
0912.png,88,88,1
0913.png,-1,-1,0
0914.png,-1,-1,0
0915.png,203,114,1
0916.png,121,91,1
0917.png,-1,-1,0
0918.png,263,465,1
0919.png,-1,-1,0
0920.png,-1,-1,0
0921.png,264,312,1
0922.png,-1,-1,0
0923.png,115,51,1
0924.png,263,69,1
0925.png,178,381,1
0926.png,228,61,1
0927.png,-1,-1,0
0928.png,-1,-1,0
0929.png,-1,-1,0
0930.png,-1,-1,0
0931.png,-1,-1,0
0932.png,-1,-1,0
0933.png,189,56,1
0934.png,349,447,1
0935.png,-1,-1,0
0936.png,-1,-1,0
0937.png,-1,-1,0
0938.png,289,199,1
0939.png,164,280,1
0940.png,443,151,1
0941.png,374,125,1
0942.png,292,455,1
0943.png,288,348,1
0944.png,-1,-1,0
0945.png,245,249,1
0946.png,144,44,1
0947.png,-1,-1,0
0948.png,114,284,1
0949.png,-1,-1,0
0950.png,192,94,1
0951.png,-1,-1,0
0952.png,-1,-1,0
0953.png,151,228,1
0954.png,61,361,1
0955.png,-1,-1,0
0956.png,-1,-1,0
0957.png,-1,-1,0
0958.png,-1,-1,0
0959.png,116,182,1
0960.png,-1,-1,0
0961.png,-1,-1,0
0962.png,291,279,1
0963.png,382,339,1
0964.png,358,475,1
0965.png,179,349,1
0966.png,280,175,1
0967.png,-1,-1,0
0968.png,244,435,1
0969.png,237,476,1
0970.png,-1,-1,0
0971.png,-1,-1,0
0972.png,399,198,1
0973.png,150,400,1
0974.png,-1,-1,0
0975.png,-1,-1,0
0976.png,-1,-1,0
0977.png,-1,-1,0
0978.png,305,207,1
0979.png,-1,-1,0
0980.png,443,84,1
0981.png,401,283,1
0982.png,461,356,1
0983.png,-1,-1,0
0984.png,-1,-1,0
0985.png,274,330,1
0986.png,-1,-1,0
0987.png,376,320,1
0988.png,209,352,1
0989.png,462,446,1
0990.png,-1,-1,0
0991.png,231,109,1
0992.png,396,465,1
0993.png,-1,-1,0
0994.png,75,138,1
0995.png,72,189,1
0996.png,434,389,1
0997.png,239,174,1
0998.png,154,375,1
0999.png,-1,-1,0
1000.png,-1,-1,0
1001.png,339,469,1
1002.png,327,77,1
1003.png,-1,-1,0
1004.png,-1,-1,0
1005.png,-1,-1,0
1006.png,-1,-1,0
1007.png,-1,-1,0
1008.png,-1,-1,0
1009.png,-1,-1,0
1010.png,230,65,1
1011.png,-1,-1,0
1012.png,332,340,1
1013.png,-1,-1,0
1014.png,215,444,1
1015.png,143,137,1
1016.png,-1,-1,0
1017.png,230,142,1
1018.png,-1,-1,0
1019.png,348,106,1
1020.png,-1,-1,0
1021.png,194,324,1
1022.png,137,194,1
1023.png,412,55,1
1024.png,-1,-1,0
1025.png,-1,-1,0
1026.png,111,256,1
1027.png,422,263,1
1028.png,-1,-1,0
1029.png,318,77,1
1030.png,310,223,1
1031.png,206,429,1
1032.png,-1,-1,0
1033.png,254,127,1
1034.png,184,130,1
1035.png,-1,-1,0
1036.png,437,397,1
1037.png,-1,-1,0
1038.png,-1,-1,0
1039.png,-1,-1,0
1040.png,-1,-1,0
1041.png,-1,-1,0
1042.png,384,46,1
1043.png,420,461,1
1044.png,-1,-1,0
1045.png,-1,-1,0
1046.png,-1,-1,0
1047.png,-1,-1,0
1048.png,-1,-1,0
1049.png,-1,-1,0
1050.png,425,313,1
1051.png,245,68,1
1052.png,-1,-1,0
1053.png,438,459,1
1054.png,-1,-1,0
1055.png,-1,-1,0
1056.png,205,315,1
1057.png,-1,-1,0
1058.png,-1,-1,0
1059.png,67,66,1
1060.png,-1,-1,0
1061.png,186,188,1
1062.png,-1,-1,0
1063.png,-1,-1,0
1064.png,251,237,1
1065.png,253,287,1
1066.png,-1,-1,0
1067.png,430,123,1
1068.png,160,227,1
1069.png,-1,-1,0
1070.png,161,290,1
1071.png,100,324,1
1072.png,311,60,1
1073.png,-1,-1,0
1074.png,-1,-1,0
1075.png,232,297,1
1076.png,459,464,1
1077.png,-1,-1,0
1078.png,439,142,1
1079.png,-1,-1,0
1080.png,307,434,1
1081.png,-1,-1,0
1082.png,-1,-1,0
1083.png,-1,-1,0
1084.png,208,364,1
1085.png,-1,-1,0
1086.png,409,202,1
1087.png,-1,-1,0
1088.png,174,135,1
1089.png,374,136,1
1090.png,57,158,1
1091.png,-1,-1,0
1092.png,269,59,1
1093.png,127,108,1
1094.png,451,65,1
1095.png,424,140,1
1096.png,448,302,1
1097.png,303,261,1
1098.png,360,355,1
1099.png,-1,-1,0
1100.png,136,361,1
1101.png,-1,-1,0
1102.png,198,129,1
1103.png,-1,-1,0
1104.png,338,216,1
1105.png,-1,-1,0
1106.png,-1,-1,0
1107.png,453,237,1
1108.png,-1,-1,0
1109.png,-1,-1,0
1110.png,407,151,1
1111.png,-1,-1,0
1112.png,235,324,1
1113.png,374,214,1
1114.png,455,36,1
1115.png,-1,-1,0
1116.png,206,383,1
1117.png,-1,-1,0
1118.png,134,96,1
1119.png,92,129,1
1120.png,-1,-1,0
1121.png,-1,-1,0
1122.png,-1,-1,0
1123.png,-1,-1,0
1124.png,-1,-1,0
1125.png,454,261,1
1126.png,-1,-1,0
1127.png,-1,-1,0
1128.png,-1,-1,0
1129.png,398,256,1
1130.png,193,160,1
1131.png,251,423,1
1132.png,-1,-1,0
1133.png,-1,-1,0
1134.png,-1,-1,0
1135.png,152,381,1
1136.png,222,102,1
1137.png,-1,-1,0
1138.png,-1,-1,0
1139.png,376,73,1
1140.png,456,331,1
1141.png,-1,-1,0
1142.png,-1,-1,0
1143.png,339,302,1
1144.png,-1,-1,0
1145.png,375,423,1
1146.png,-1,-1,0
1147.png,288,344,1
1148.png,116,418,1
1149.png,-1,-1,0
1150.png,111,401,1
1151.png,-1,-1,0
1152.png,360,347,1
1153.png,-1,-1,0
1154.png,-1,-1,0
1155.png,344,411,1
1156.png,-1,-1,0
1157.png,333,463,1
1158.png,295,188,1
1159.png,-1,-1,0
1160.png,-1,-1,0
1161.png,321,98,1
1162.png,-1,-1,0
1163.png,-1,-1,0
1164.png,126,207,1
1165.png,302,449,1
1166.png,152,89,1
1167.png,443,328,1
1168.png,65,288,1
1169.png,152,68,1
1170.png,-1,-1,0
1171.png,-1,-1,0
1172.png,-1,-1,0
1173.png,-1,-1,0
1174.png,266,300,1
1175.png,-1,-1,0
1176.png,110,114,1
1177.png,-1,-1,0
1178.png,336,179,1
1179.png,420,405,1
1180.png,304,412,1
1181.png,-1,-1,0
1182.png,-1,-1,0
1183.png,-1,-1,0
1184.png,-1,-1,0
1185.png,109,368,1
1186.png,267,203,1
1187.png,227,88,1
1188.png,360,183,1
1189.png,-1,-1,0
1190.png,-1,-1,0
1191.png,406,134,1
1192.png,319,412,1
1193.png,-1,-1,0
1194.png,461,346,1
1195.png,450,111,1
1196.png,-1,-1,0
1197.png,-1,-1,0
1198.png,294,244,1
1199.png,225,282,1
1200.png,164,368,1
1201.png,96,121,1
1202.png,225,410,1
1203.png,144,102,1
1204.png,-1,-1,0
1205.png,212,164,1
1206.png,217,254,1
1207.png,-1,-1,0
1208.png,441,168,1
1209.png,145,473,1
1210.png,-1,-1,0
1211.png,55,267,1
1212.png,363,414,1
1213.png,345,324,1
1214.png,221,164,1
1215.png,-1,-1,0
1216.png,-1,-1,0
1217.png,342,461,1
1218.png,310,158,1
1219.png,-1,-1,0
1220.png,-1,-1,0
1221.png,405,388,1
1222.png,-1,-1,0
1223.png,-1,-1,0
1224.png,-1,-1,0
1225.png,-1,-1,0
1226.png,-1,-1,0
1227.png,311,135,1
1228.png,166,313,1
1229.png,197,70,1
1230.png,317,218,1
1231.png,-1,-1,0
1232.png,-1,-1,0
1233.png,188,126,1
1234.png,95,184,1
1235.png,62,447,1
1236.png,-1,-1,0
1237.png,147,319,1
1238.png,259,393,1
1239.png,306,384,1
1240.png,82,295,1
1241.png,-1,-1,0
1242.png,123,333,1
1243.png,-1,-1,0
1244.png,163,130,1
1245.png,-1,-1,0
1246.png,-1,-1,0
1247.png,287,60,1
1248.png,192,151,1
1249.png,444,384,1
1250.png,-1,-1,0
1251.png,295,103,1
1252.png,462,134,1
1253.png,-1,-1,0
1254.png,407,209,1
1255.png,267,296,1
1256.png,-1,-1,0
1257.png,-1,-1,0
1258.png,82,246,1
1259.png,-1,-1,0
1260.png,-1,-1,0
1261.png,-1,-1,0
1262.png,-1,-1,0
1263.png,71,264,1
1264.png,328,76,1
1265.png,136,156,1
1266.png,-1,-1,0
1267.png,345,79,1
1268.png,-1,-1,0
1269.png,355,255,1
1270.png,243,102,1
1271.png,402,459,1
1272.png,-1,-1,0
1273.png,449,436,1
1274.png,232,127,1
1275.png,-1,-1,0
1276.png,-1,-1,0
1277.png,-1,-1,0
1278.png,236,50,1
1279.png,-1,-1,0
1280.png,357,194,1
1281.png,-1,-1,0
1282.png,-1,-1,0
1283.png,463,338,1
1284.png,416,113,1
1285.png,-1,-1,0
1286.png,282,463,1
1287.png,-1,-1,0
1288.png,-1,-1,0
1289.png,212,194,1
1290.png,436,381,1
1291.png,-1,-1,0
1292.png,141,190,1
1293.png,136,148,1
1294.png,142,284,1
1295.png,92,348,1
1296.png,-1,-1,0
1297.png,171,355,1
1298.png,-1,-1,0
1299.png,255,198,1
1300.png,153,441,1
1301.png,451,248,1
1302.png,-1,-1,0
1303.png,-1,-1,0
1304.png,279,304,1
1305.png,347,448,1
1306.png,-1,-1,0
1307.png,-1,-1,0
1308.png,-1,-1,0
1309.png,-1,-1,0
1310.png,-1,-1,0
1311.png,198,333,1
1312.png,63,176,1
1313.png,146,123,1
1314.png,143,441,1
1315.png,-1,-1,0
1316.png,-1,-1,0
1317.png,216,126,1
1318.png,421,410,1
1319.png,-1,-1,0
1320.png,-1,-1,0
1321.png,-1,-1,0
1322.png,236,132,1
1323.png,132,126,1
1324.png,376,197,1
1325.png,-1,-1,0
1326.png,363,428,1
1327.png,115,210,1
1328.png,-1,-1,0
1329.png,364,452,1
1330.png,-1,-1,0
1331.png,-1,-1,0
1332.png,113,289,1
1333.png,84,408,1
1334.png,-1,-1,0
1335.png,-1,-1,0
1336.png,-1,-1,0
1337.png,136,278,1
1338.png,460,376,1
1339.png,-1,-1,0
1340.png,279,320,1
1341.png,309,424,1
1342.png,77,292,1
1343.png,-1,-1,0
1344.png,72,347,1
1345.png,-1,-1,0
1346.png,57,415,1
1347.png,420,310,1
1348.png,-1,-1,0
1349.png,-1,-1,0
1350.png,368,111,1
1351.png,-1,-1,0
1352.png,-1,-1,0
1353.png,75,346,1
1354.png,287,387,1
1355.png,380,351,1
1356.png,-1,-1,0
1357.png,364,356,1
1358.png,262,400,1
1359.png,-1,-1,0
1360.png,-1,-1,0
1361.png,-1,-1,0
1362.png,-1,-1,0
1363.png,-1,-1,0
1364.png,-1,-1,0
1365.png,-1,-1,0
1366.png,159,63,1
1367.png,-1,-1,0
1368.png,-1,-1,0
1369.png,420,417,1
1370.png,286,116,1
1371.png,322,152,1
1372.png,-1,-1,0
1373.png,196,315,1
1374.png,315,105,1
1375.png,145,474,1
1376.png,366,174,1
1377.png,-1,-1,0
1378.png,-1,-1,0
1379.png,256,477,1
1380.png,-1,-1,0
1381.png,456,72,1
1382.png,-1,-1,0
1383.png,-1,-1,0
1384.png,150,381,1
1385.png,254,349,1
1386.png,-1,-1,0
1387.png,-1,-1,0
1388.png,74,125,1
1389.png,-1,-1,0
1390.png,-1,-1,0
1391.png,447,241,1
1392.png,-1,-1,0
1393.png,220,252,1
1394.png,143,85,1
1395.png,-1,-1,0
1396.png,-1,-1,0
1397.png,77,77,1
1398.png,307,349,1
1399.png,-1,-1,0
1400.png,339,199,1
1401.png,-1,-1,0
1402.png,328,157,1
1403.png,436,148,1
1404.png,204,181,1
1405.png,461,107,1
1406.png,175,169,1
1407.png,279,266,1
1408.png,199,452,1
1409.png,92,291,1
1410.png,111,102,1
1411.png,94,243,1
1412.png,-1,-1,0
1413.png,211,247,1
1414.png,-1,-1,0
1415.png,357,162,1
1416.png,160,470,1
1417.png,-1,-1,0
1418.png,132,236,1
1419.png,410,263,1
1420.png,171,418,1
1421.png,-1,-1,0
1422.png,-1,-1,0
1423.png,226,318,1
1424.png,162,373,1
1425.png,217,242,1
1426.png,-1,-1,0
1427.png,188,210,1
1428.png,143,365,1
1429.png,-1,-1,0
1430.png,279,217,1
1431.png,-1,-1,0
1432.png,120,243,1
1433.png,399,93,1
1434.png,462,211,1
1435.png,-1,-1,0
1436.png,423,348,1
1437.png,245,422,1
1438.png,-1,-1,0
1439.png,-1,-1,0
1440.png,-1,-1,0
1441.png,-1,-1,0
1442.png,305,108,1
1443.png,-1,-1,0
1444.png,195,42,1
1445.png,65,128,1
1446.png,-1,-1,0
1447.png,-1,-1,0
1448.png,-1,-1,0
1449.png,441,290,1
1450.png,64,452,1
1451.png,-1,-1,0
1452.png,-1,-1,0
1453.png,-1,-1,0
1454.png,77,227,1
1455.png,318,121,1
1456.png,-1,-1,0
1457.png,-1,-1,0
1458.png,392,109,1
1459.png,-1,-1,0
1460.png,269,95,1
1461.png,56,138,1
1462.png,-1,-1,0
1463.png,-1,-1,0
1464.png,115,52,1
1465.png,-1,-1,0
1466.png,-1,-1,0
1467.png,233,315,1
1468.png,-1,-1,0
1469.png,99,54,1
1470.png,200,144,1
1471.png,182,366,1
1472.png,278,246,1
1473.png,-1,-1,0
1474.png,174,214,1
1475.png,439,207,1
1476.png,356,216,1
1477.png,-1,-1,0
1478.png,-1,-1,0
1479.png,364,376,1
1480.png,-1,-1,0
1481.png,392,198,1
1482.png,258,42,1
1483.png,96,287,1
1484.png,-1,-1,0
1485.png,122,80,1
1486.png,-1,-1,0
1487.png,-1,-1,0
1488.png,-1,-1,0
1489.png,-1,-1,0
1490.png,-1,-1,0
1491.png,329,287,1
1492.png,72,160,1
1493.png,-1,-1,0
1494.png,69,392,1
1495.png,-1,-1,0
1496.png,437,92,1
1497.png,-1,-1,0
1498.png,-1,-1,0
1499.png,-1,-1,0
1500.png,-1,-1,0
1501.png,-1,-1,0
1502.png,52,335,1
1503.png,244,415,1
1504.png,-1,-1,0
1505.png,-1,-1,0
1506.png,81,168,1
1507.png,-1,-1,0
1508.png,-1,-1,0
1509.png,252,141,1
1510.png,433,217,1
1511.png,90,255,1
1512.png,366,171,1
1513.png,244,198,1
1514.png,317,154,1
1515.png,69,197,1
1516.png,-1,-1,0
1517.png,-1,-1,0
1518.png,-1,-1,0
1519.png,-1,-1,0
1520.png,-1,-1,0
1521.png,-1,-1,0
1522.png,-1,-1,0
1523.png,335,66,1
1524.png,455,326,1
1525.png,-1,-1,0
1526.png,327,350,1
1527.png,169,161,1
1528.png,131,40,1
1529.png,403,378,1
1530.png,-1,-1,0
1531.png,317,342,1
1532.png,-1,-1,0
1533.png,212,305,1
1534.png,315,119,1
1535.png,428,342,1
1536.png,-1,-1,0
1537.png,146,200,1
1538.png,303,293,1
1539.png,349,340,1
1540.png,-1,-1,0
1541.png,-1,-1,0
1542.png,-1,-1,0
1543.png,-1,-1,0
1544.png,-1,-1,0
1545.png,-1,-1,0
1546.png,291,289,1
1547.png,49,316,1
1548.png,-1,-1,0
1549.png,404,153,1
1550.png,178,39,1
1551.png,-1,-1,0
1552.png,-1,-1,0
1553.png,231,255,1
1554.png,261,130,1
1555.png,-1,-1,0
1556.png,-1,-1,0
1557.png,120,436,1
1558.png,-1,-1,0
1559.png,64,430,1
1560.png,-1,-1,0
1561.png,-1,-1,0
1562.png,427,442,1
1563.png,82,451,1
1564.png,-1,-1,0
1565.png,298,125,1
1566.png,-1,-1,0
1567.png,360,178,1
1568.png,266,196,1
1569.png,459,296,1
1570.png,437,413,1
1571.png,-1,-1,0
1572.png,303,409,1
1573.png,336,384,1
1574.png,383,353,1
1575.png,-1,-1,0
1576.png,174,284,1
1577.png,-1,-1,0
1578.png,-1,-1,0
1579.png,224,275,1
1580.png,-1,-1,0
1581.png,77,85,1
1582.png,228,469,1
1583.png,-1,-1,0
1584.png,-1,-1,0
1585.png,-1,-1,0
1586.png,428,36,1
1587.png,276,433,1
1588.png,201,298,1
1589.png,-1,-1,0
1590.png,-1,-1,0
1591.png,-1,-1,0
1592.png,-1,-1,0
1593.png,-1,-1,0
1594.png,461,337,1
1595.png,-1,-1,0
1596.png,159,34,1
1597.png,147,221,1
1598.png,436,453,1
1599.png,237,342,1
1600.png,-1,-1,0
1601.png,-1,-1,0
1602.png,-1,-1,0
1603.png,-1,-1,0
1604.png,-1,-1,0
1605.png,-1,-1,0
1606.png,-1,-1,0
1607.png,-1,-1,0
1608.png,-1,-1,0
1609.png,-1,-1,0
1610.png,-1,-1,0
1611.png,-1,-1,0
1612.png,-1,-1,0
1613.png,196,45,1
1614.png,263,452,1
1615.png,433,297,1
1616.png,-1,-1,0
1617.png,-1,-1,0
1618.png,-1,-1,0
1619.png,-1,-1,0
1620.png,-1,-1,0
1621.png,342,35,1
1622.png,286,365,1
1623.png,-1,-1,0
1624.png,-1,-1,0
1625.png,-1,-1,0
1626.png,-1,-1,0
1627.png,-1,-1,0
1628.png,-1,-1,0
1629.png,-1,-1,0
1630.png,292,177,1
1631.png,-1,-1,0
1632.png,390,333,1
1633.png,239,254,1
1634.png,-1,-1,0
1635.png,-1,-1,0
1636.png,315,408,1
1637.png,283,70,1
1638.png,66,395,1
1639.png,229,460,1
1640.png,-1,-1,0
1641.png,266,312,1
1642.png,-1,-1,0
1643.png,-1,-1,0
1644.png,129,66,1
1645.png,-1,-1,0
1646.png,-1,-1,0
1647.png,126,228,1
1648.png,-1,-1,0
1649.png,-1,-1,0
1650.png,-1,-1,0
1651.png,366,293,1
1652.png,165,258,1
1653.png,438,71,1
1654.png,-1,-1,0
1655.png,-1,-1,0
1656.png,286,461,1
1657.png,184,327,1
1658.png,358,335,1
1659.png,-1,-1,0
1660.png,76,91,1
1661.png,439,222,1
1662.png,191,133,1
1663.png,268,411,1
1664.png,-1,-1,0
1665.png,-1,-1,0
1666.png,-1,-1,0
1667.png,418,439,1
1668.png,-1,-1,0
1669.png,300,357,1
1670.png,-1,-1,0
1671.png,92,153,1
1672.png,-1,-1,0
1673.png,-1,-1,0
1674.png,-1,-1,0
1675.png,158,213,1
1676.png,106,44,1
1677.png,-1,-1,0
1678.png,257,274,1
1679.png,-1,-1,0
1680.png,-1,-1,0
1681.png,-1,-1,0
1682.png,460,166,1
1683.png,-1,-1,0
1684.png,-1,-1,0
1685.png,-1,-1,0
1686.png,259,105,1
1687.png,-1,-1,0
1688.png,182,234,1
1689.png,-1,-1,0
1690.png,418,328,1
1691.png,-1,-1,0
1692.png,257,74,1
1693.png,-1,-1,0
1694.png,253,335,1
1695.png,-1,-1,0
1696.png,-1,-1,0
1697.png,314,370,1
1698.png,-1,-1,0
1699.png,-1,-1,0
1700.png,-1,-1,0
1701.png,-1,-1,0
1702.png,-1,-1,0
1703.png,-1,-1,0
1704.png,-1,-1,0
1705.png,65,446,1
1706.png,91,68,1
1707.png,-1,-1,0
1708.png,-1,-1,0
1709.png,-1,-1,0
1710.png,-1,-1,0
1711.png,-1,-1,0
1712.png,165,78,1
1713.png,-1,-1,0
1714.png,-1,-1,0
1715.png,-1,-1,0
1716.png,233,145,1
1717.png,456,193,1
1718.png,-1,-1,0
1719.png,-1,-1,0
1720.png,-1,-1,0
1721.png,52,260,1
1722.png,-1,-1,0
1723.png,-1,-1,0
1724.png,392,480,1
1725.png,180,369,1
1726.png,-1,-1,0
1727.png,-1,-1,0
1728.png,238,438,1
1729.png,228,151,1
1730.png,257,62,1
1731.png,-1,-1,0
1732.png,211,228,1
1733.png,-1,-1,0
1734.png,-1,-1,0
1735.png,267,267,1
1736.png,-1,-1,0
1737.png,348,230,1
1738.png,163,182,1
1739.png,243,477,1
1740.png,324,160,1
1741.png,229,240,1
1742.png,154,286,1
1743.png,63,278,1
1744.png,-1,-1,0
1745.png,143,137,1
1746.png,108,432,1
1747.png,-1,-1,0
1748.png,380,83,1
1749.png,414,100,1
1750.png,-1,-1,0
1751.png,436,448,1
1752.png,-1,-1,0
1753.png,-1,-1,0
1754.png,-1,-1,0
1755.png,-1,-1,0
1756.png,457,456,1
1757.png,-1,-1,0
1758.png,385,476,1
1759.png,310,356,1
1760.png,333,65,1
1761.png,-1,-1,0
1762.png,-1,-1,0
1763.png,-1,-1,0
1764.png,-1,-1,0
1765.png,-1,-1,0
1766.png,354,453,1
1767.png,-1,-1,0
1768.png,454,222,1
1769.png,419,250,1
1770.png,-1,-1,0
1771.png,343,52,1
1772.png,388,348,1
1773.png,203,269,1
1774.png,52,186,1
1775.png,-1,-1,0
1776.png,246,88,1
1777.png,-1,-1,0
1778.png,-1,-1,0
1779.png,257,476,1
1780.png,-1,-1,0
1781.png,199,387,1
1782.png,138,342,1
1783.png,394,238,1
1784.png,367,257,1
1785.png,-1,-1,0
1786.png,141,117,1
1787.png,209,34,1
1788.png,-1,-1,0
1789.png,-1,-1,0
1790.png,-1,-1,0
1791.png,444,186,1
1792.png,-1,-1,0
1793.png,-1,-1,0
1794.png,-1,-1,0
1795.png,352,213,1
1796.png,146,187,1
1797.png,-1,-1,0
1798.png,-1,-1,0
1799.png,459,476,1
1800.png,-1,-1,0
1801.png,214,313,1
1802.png,335,107,1
1803.png,-1,-1,0
1804.png,-1,-1,0
1805.png,-1,-1,0
1806.png,-1,-1,0
1807.png,176,69,1
1808.png,356,272,1
1809.png,298,450,1
1810.png,357,406,1
1811.png,93,81,1
1812.png,-1,-1,0
1813.png,170,239,1
1814.png,241,445,1
1815.png,-1,-1,0
1816.png,-1,-1,0
1817.png,151,140,1
1818.png,-1,-1,0
1819.png,-1,-1,0
1820.png,407,35,1
1821.png,366,406,1
1822.png,435,190,1
1823.png,-1,-1,0
1824.png,96,98,1
1825.png,-1,-1,0
1826.png,-1,-1,0
1827.png,367,280,1
1828.png,-1,-1,0
1829.png,340,45,1
1830.png,-1,-1,0
1831.png,-1,-1,0
1832.png,369,111,1
1833.png,315,306,1
1834.png,-1,-1,0
1835.png,154,380,1
1836.png,-1,-1,0
1837.png,-1,-1,0
1838.png,344,470,1
1839.png,-1,-1,0
1840.png,197,308,1
1841.png,-1,-1,0
1842.png,451,309,1
1843.png,-1,-1,0
1844.png,-1,-1,0
1845.png,-1,-1,0
1846.png,-1,-1,0
1847.png,76,287,1
1848.png,324,444,1
1849.png,155,76,1
1850.png,277,439,1
1851.png,-1,-1,0
1852.png,352,149,1
1853.png,-1,-1,0
1854.png,-1,-1,0
1855.png,249,103,1
1856.png,-1,-1,0
1857.png,464,212,1
1858.png,364,101,1
1859.png,-1,-1,0
1860.png,192,195,1
1861.png,140,129,1
1862.png,-1,-1,0
1863.png,-1,-1,0
1864.png,-1,-1,0
1865.png,218,227,1
1866.png,102,176,1
1867.png,283,249,1
1868.png,415,93,1
1869.png,337,174,1
1870.png,-1,-1,0
1871.png,118,475,1
1872.png,-1,-1,0
1873.png,251,432,1
1874.png,226,281,1
1875.png,174,350,1
1876.png,203,411,1
1877.png,-1,-1,0
1878.png,290,446,1
1879.png,195,417,1
1880.png,-1,-1,0
1881.png,122,32,1
1882.png,121,457,1
1883.png,160,140,1
1884.png,173,356,1
1885.png,-1,-1,0
1886.png,244,462,1
1887.png,112,253,1
1888.png,301,459,1
1889.png,199,256,1
1890.png,103,181,1
1891.png,-1,-1,0
1892.png,-1,-1,0
1893.png,-1,-1,0
1894.png,-1,-1,0
1895.png,212,164,1
1896.png,-1,-1,0
1897.png,-1,-1,0
1898.png,-1,-1,0
1899.png,-1,-1,0
1900.png,-1,-1,0
1901.png,86,427,1
1902.png,452,394,1
1903.png,-1,-1,0
1904.png,438,106,1
1905.png,145,79,1
1906.png,71,303,1
1907.png,304,307,1
1908.png,341,48,1
1909.png,-1,-1,0
1910.png,378,254,1
1911.png,-1,-1,0
1912.png,450,424,1
1913.png,-1,-1,0
1914.png,-1,-1,0
1915.png,-1,-1,0
1916.png,-1,-1,0
1917.png,442,470,1
1918.png,244,413,1
1919.png,235,287,1
1920.png,-1,-1,0
1921.png,-1,-1,0
1922.png,-1,-1,0
1923.png,203,136,1
1924.png,-1,-1,0
1925.png,321,122,1
1926.png,-1,-1,0
1927.png,-1,-1,0
1928.png,446,121,1
1929.png,-1,-1,0
1930.png,74,227,1
1931.png,-1,-1,0
1932.png,-1,-1,0
1933.png,338,383,1
1934.png,-1,-1,0
1935.png,219,79,1
1936.png,-1,-1,0
1937.png,-1,-1,0
1938.png,-1,-1,0
1939.png,-1,-1,0
1940.png,-1,-1,0
1941.png,-1,-1,0
1942.png,226,180,1
1943.png,-1,-1,0
1944.png,67,379,1
1945.png,-1,-1,0
1946.png,377,303,1
1947.png,143,322,1
1948.png,96,54,1
1949.png,-1,-1,0
1950.png,-1,-1,0
1951.png,147,172,1
1952.png,59,319,1
1953.png,-1,-1,0
1954.png,-1,-1,0
1955.png,-1,-1,0
1956.png,380,62,1
1957.png,-1,-1,0
1958.png,-1,-1,0
1959.png,-1,-1,0
1960.png,364,308,1
1961.png,366,349,1
1962.png,148,38,1
1963.png,-1,-1,0
1964.png,52,419,1
1965.png,423,50,1
1966.png,271,462,1
1967.png,125,148,1
1968.png,-1,-1,0
1969.png,-1,-1,0
1970.png,-1,-1,0
1971.png,87,352,1
1972.png,-1,-1,0
1973.png,128,303,1
1974.png,-1,-1,0
1975.png,-1,-1,0
1976.png,-1,-1,0
1977.png,-1,-1,0
1978.png,300,474,1
1979.png,-1,-1,0
1980.png,54,64,1
1981.png,353,301,1
1982.png,-1,-1,0
1983.png,181,158,1
1984.png,420,350,1
1985.png,-1,-1,0
1986.png,422,210,1
1987.png,158,71,1
1988.png,-1,-1,0
1989.png,-1,-1,0
1990.png,-1,-1,0
1991.png,-1,-1,0
1992.png,-1,-1,0
1993.png,-1,-1,0
1994.png,453,216,1
1995.png,195,54,1
1996.png,417,143,1
1997.png,426,400,1
1998.png,-1,-1,0
1999.png,-1,-1,0
2000.png,-1,-1,0
2001.png,138,73,1
2002.png,267,336,1
2003.png,249,421,1
2004.png,-1,-1,0
2005.png,-1,-1,0
2006.png,-1,-1,0
2007.png,-1,-1,0
2008.png,-1,-1,0
2009.png,296,475,1
2010.png,163,198,1
2011.png,-1,-1,0
2012.png,393,385,1
2013.png,-1,-1,0
2014.png,-1,-1,0
2015.png,263,258,1
2016.png,167,92,1
2017.png,-1,-1,0
2018.png,-1,-1,0
2019.png,322,436,1
2020.png,-1,-1,0
2021.png,336,248,1
2022.png,119,125,1
2023.png,78,251,1
2024.png,-1,-1,0
2025.png,336,97,1
2026.png,128,56,1
2027.png,-1,-1,0
2028.png,250,241,1
2029.png,-1,-1,0
2030.png,-1,-1,0
2031.png,267,182,1
2032.png,296,262,1
2033.png,-1,-1,0
2034.png,-1,-1,0
2035.png,373,116,1
2036.png,80,282,1
2037.png,62,46,1
2038.png,408,153,1
2039.png,-1,-1,0
2040.png,-1,-1,0
2041.png,-1,-1,0
2042.png,94,409,1
2043.png,109,334,1
2044.png,400,133,1
2045.png,-1,-1,0
2046.png,-1,-1,0
2047.png,-1,-1,0
2048.png,-1,-1,0
2049.png,-1,-1,0
2050.png,-1,-1,0
2051.png,273,334,1
2052.png,-1,-1,0
2053.png,-1,-1,0
2054.png,-1,-1,0
2055.png,-1,-1,0
2056.png,81,45,1
2057.png,148,459,1
2058.png,-1,-1,0
2059.png,-1,-1,0
2060.png,216,305,1
2061.png,317,408,1
2062.png,-1,-1,0
2063.png,158,293,1
2064.png,352,137,1
2065.png,-1,-1,0
2066.png,-1,-1,0
2067.png,-1,-1,0
2068.png,81,121,1
2069.png,308,395,1
2070.png,210,103,1
2071.png,-1,-1,0
2072.png,258,293,1
2073.png,-1,-1,0
2074.png,204,33,1
2075.png,258,307,1
2076.png,-1,-1,0
2077.png,-1,-1,0
2078.png,-1,-1,0
2079.png,-1,-1,0
2080.png,-1,-1,0
2081.png,225,81,1
2082.png,290,146,1
2083.png,-1,-1,0
2084.png,-1,-1,0
2085.png,-1,-1,0
2086.png,-1,-1,0
2087.png,396,406,1
2088.png,-1,-1,0
2089.png,-1,-1,0
2090.png,-1,-1,0
2091.png,-1,-1,0
2092.png,-1,-1,0
2093.png,-1,-1,0
2094.png,123,134,1
2095.png,-1,-1,0
2096.png,-1,-1,0
2097.png,290,224,1
2098.png,115,337,1
2099.png,225,36,1
2100.png,-1,-1,0
2101.png,463,82,1
2102.png,87,100,1
2103.png,84,280,1
2104.png,106,38,1
2105.png,278,415,1
2106.png,421,240,1
2107.png,394,149,1
2108.png,-1,-1,0
2109.png,-1,-1,0
2110.png,275,331,1
2111.png,86,124,1
2112.png,-1,-1,0
2113.png,-1,-1,0
2114.png,-1,-1,0
2115.png,453,429,1
2116.png,299,130,1
2117.png,144,59,1
2118.png,-1,-1,0
2119.png,-1,-1,0
2120.png,-1,-1,0
2121.png,-1,-1,0
2122.png,68,221,1
2123.png,-1,-1,0
2124.png,-1,-1,0
2125.png,418,361,1
2126.png,99,351,1
2127.png,72,151,1
2128.png,57,78,1
2129.png,100,303,1
2130.png,282,266,1
2131.png,-1,-1,0
2132.png,138,146,1
2133.png,-1,-1,0
2134.png,-1,-1,0
2135.png,461,371,1
2136.png,444,480,1
2137.png,436,98,1
2138.png,-1,-1,0
2139.png,399,345,1
2140.png,379,144,1
2141.png,-1,-1,0
2142.png,-1,-1,0
2143.png,-1,-1,0
2144.png,441,394,1
2145.png,435,437,1
2146.png,-1,-1,0
2147.png,48,346,1
2148.png,-1,-1,0
2149.png,277,303,1
2150.png,235,333,1
2151.png,143,371,1
2152.png,372,449,1
2153.png,360,144,1
2154.png,392,198,1
2155.png,438,291,1
2156.png,434,63,1
2157.png,343,419,1
2158.png,193,292,1
2159.png,425,311,1
2160.png,-1,-1,0
2161.png,-1,-1,0
2162.png,298,62,1
2163.png,-1,-1,0
2164.png,412,235,1
2165.png,-1,-1,0
2166.png,290,54,1
2167.png,-1,-1,0
2168.png,-1,-1,0
2169.png,-1,-1,0
2170.png,166,76,1
2171.png,-1,-1,0
2172.png,-1,-1,0
2173.png,416,89,1
2174.png,256,345,1
2175.png,-1,-1,0
2176.png,-1,-1,0
2177.png,307,105,1
2178.png,-1,-1,0
2179.png,281,337,1
2180.png,-1,-1,0
2181.png,-1,-1,0
2182.png,-1,-1,0
2183.png,-1,-1,0
2184.png,-1,-1,0
2185.png,-1,-1,0
2186.png,-1,-1,0
2187.png,183,360,1
2188.png,216,290,1
2189.png,-1,-1,0
2190.png,183,134,1
2191.png,84,242,1
2192.png,-1,-1,0
2193.png,169,400,1
2194.png,-1,-1,0
2195.png,-1,-1,0
2196.png,-1,-1,0
2197.png,336,309,1
2198.png,248,360,1
2199.png,-1,-1,0
2200.png,-1,-1,0
2201.png,58,321,1
2202.png,74,78,1
2203.png,-1,-1,0
2204.png,-1,-1,0
2205.png,-1,-1,0
2206.png,-1,-1,0
2207.png,139,231,1
2208.png,-1,-1,0
2209.png,184,231,1
2210.png,-1,-1,0
2211.png,-1,-1,0
2212.png,151,154,1
2213.png,207,416,1
2214.png,-1,-1,0
2215.png,190,255,1
2216.png,309,275,1
2217.png,163,114,1
2218.png,-1,-1,0
2219.png,-1,-1,0
2220.png,61,230,1
2221.png,-1,-1,0
2222.png,113,448,1
2223.png,277,54,1
2224.png,-1,-1,0
2225.png,68,303,1
2226.png,223,36,1
2227.png,203,333,1
2228.png,-1,-1,0
2229.png,-1,-1,0
2230.png,311,165,1
2231.png,-1,-1,0
2232.png,-1,-1,0
2233.png,-1,-1,0
2234.png,425,436,1
2235.png,-1,-1,0
2236.png,288,85,1
2237.png,213,465,1
2238.png,-1,-1,0
2239.png,-1,-1,0
2240.png,445,197,1
2241.png,349,275,1
2242.png,-1,-1,0
2243.png,71,228,1
2244.png,-1,-1,0
2245.png,-1,-1,0
2246.png,-1,-1,0
2247.png,447,367,1
2248.png,-1,-1,0
2249.png,58,322,1
2250.png,405,56,1
2251.png,-1,-1,0
2252.png,248,479,1
2253.png,-1,-1,0
2254.png,457,184,1
2255.png,-1,-1,0
2256.png,87,381,1
2257.png,-1,-1,0
2258.png,-1,-1,0
2259.png,-1,-1,0
2260.png,-1,-1,0
2261.png,236,71,1
2262.png,140,315,1
2263.png,-1,-1,0
2264.png,359,391,1
2265.png,135,461,1
2266.png,-1,-1,0
2267.png,167,381,1
2268.png,-1,-1,0
2269.png,-1,-1,0
2270.png,246,449,1
2271.png,274,414,1
2272.png,-1,-1,0
2273.png,48,439,1
2274.png,276,322,1
2275.png,-1,-1,0
2276.png,-1,-1,0
2277.png,-1,-1,0
2278.png,-1,-1,0
2279.png,-1,-1,0
2280.png,-1,-1,0
2281.png,398,208,1
2282.png,110,370,1
2283.png,-1,-1,0
2284.png,-1,-1,0
2285.png,316,335,1
2286.png,-1,-1,0
2287.png,-1,-1,0
2288.png,-1,-1,0
2289.png,98,229,1
2290.png,111,258,1
2291.png,-1,-1,0
2292.png,445,331,1
2293.png,397,55,1
2294.png,-1,-1,0
2295.png,154,107,1
2296.png,-1,-1,0
2297.png,85,408,1
2298.png,308,336,1
2299.png,247,272,1
2300.png,-1,-1,0
2301.png,-1,-1,0
2302.png,-1,-1,0
2303.png,394,361,1
2304.png,359,332,1
2305.png,-1,-1,0
2306.png,235,423,1
2307.png,261,345,1
2308.png,271,40,1
2309.png,216,219,1
2310.png,-1,-1,0
2311.png,-1,-1,0
2312.png,77,327,1
2313.png,-1,-1,0
2314.png,307,230,1
2315.png,-1,-1,0
2316.png,-1,-1,0
2317.png,89,85,1
2318.png,-1,-1,0
2319.png,360,377,1
2320.png,252,291,1
2321.png,-1,-1,0
2322.png,144,336,1
2323.png,159,258,1
2324.png,-1,-1,0
2325.png,154,285,1
2326.png,-1,-1,0
2327.png,440,480,1
2328.png,-1,-1,0
2329.png,436,372,1
2330.png,156,132,1
2331.png,84,32,1
2332.png,-1,-1,0
2333.png,245,370,1
2334.png,-1,-1,0
2335.png,453,343,1
2336.png,385,357,1
2337.png,-1,-1,0
2338.png,-1,-1,0
2339.png,404,142,1
2340.png,-1,-1,0
2341.png,129,268,1
2342.png,126,388,1
2343.png,307,345,1
2344.png,385,421,1
2345.png,248,467,1
2346.png,444,452,1
2347.png,320,204,1
2348.png,-1,-1,0
2349.png,75,196,1
2350.png,384,244,1
2351.png,-1,-1,0
2352.png,419,36,1
2353.png,-1,-1,0
2354.png,253,137,1
2355.png,188,97,1
2356.png,-1,-1,0
2357.png,359,55,1
2358.png,-1,-1,0
2359.png,-1,-1,0
2360.png,-1,-1,0
2361.png,372,318,1
2362.png,343,49,1
2363.png,377,362,1
2364.png,-1,-1,0
2365.png,162,55,1
2366.png,53,347,1
2367.png,-1,-1,0
2368.png,241,443,1
2369.png,373,96,1
2370.png,-1,-1,0
2371.png,-1,-1,0
2372.png,-1,-1,0
2373.png,-1,-1,0
2374.png,172,364,1
2375.png,-1,-1,0
2376.png,203,229,1
2377.png,-1,-1,0
2378.png,-1,-1,0
2379.png,-1,-1,0
2380.png,-1,-1,0
2381.png,302,251,1
2382.png,-1,-1,0
2383.png,-1,-1,0
2384.png,198,287,1
2385.png,-1,-1,0
2386.png,-1,-1,0
2387.png,-1,-1,0
2388.png,421,136,1
2389.png,364,217,1
2390.png,-1,-1,0
2391.png,256,149,1
2392.png,241,415,1
2393.png,121,341,1
2394.png,-1,-1,0
2395.png,63,86,1
2396.png,438,130,1
2397.png,356,219,1
2398.png,-1,-1,0
2399.png,-1,-1,0
2400.png,363,282,1
2401.png,-1,-1,0
2402.png,-1,-1,0
2403.png,-1,-1,0
2404.png,-1,-1,0
2405.png,-1,-1,0
2406.png,-1,-1,0
2407.png,289,156,1
2408.png,389,431,1
2409.png,-1,-1,0
2410.png,129,359,1
2411.png,460,144,1
2412.png,-1,-1,0
2413.png,368,476,1
2414.png,260,342,1
2415.png,-1,-1,0
2416.png,210,379,1
2417.png,-1,-1,0
2418.png,258,154,1
2419.png,127,422,1
2420.png,-1,-1,0
2421.png,384,384,1
2422.png,-1,-1,0
2423.png,330,173,1
2424.png,-1,-1,0
2425.png,88,42,1
2426.png,-1,-1,0
2427.png,-1,-1,0
2428.png,-1,-1,0
2429.png,-1,-1,0
2430.png,278,463,1
2431.png,201,183,1
2432.png,426,326,1
2433.png,365,233,1
2434.png,-1,-1,0
2435.png,168,474,1
2436.png,271,475,1
2437.png,-1,-1,0
2438.png,-1,-1,0
2439.png,306,440,1
2440.png,91,179,1
2441.png,-1,-1,0
2442.png,-1,-1,0
2443.png,404,148,1
2444.png,334,235,1
2445.png,-1,-1,0
2446.png,309,477,1
2447.png,-1,-1,0
2448.png,437,32,1
2449.png,-1,-1,0
2450.png,285,452,1
2451.png,-1,-1,0
2452.png,180,343,1
2453.png,-1,-1,0
2454.png,-1,-1,0
2455.png,356,259,1
2456.png,166,265,1
2457.png,-1,-1,0
2458.png,-1,-1,0
2459.png,-1,-1,0
2460.png,298,273,1
2461.png,94,265,1
2462.png,342,439,1
2463.png,325,250,1
2464.png,182,274,1
2465.png,-1,-1,0
2466.png,-1,-1,0
2467.png,143,156,1
2468.png,383,391,1
2469.png,213,100,1
2470.png,-1,-1,0
2471.png,-1,-1,0
2472.png,-1,-1,0
2473.png,-1,-1,0
2474.png,462,208,1
2475.png,164,350,1
2476.png,-1,-1,0
2477.png,380,143,1
2478.png,-1,-1,0
2479.png,-1,-1,0
2480.png,-1,-1,0
2481.png,455,346,1
2482.png,-1,-1,0
2483.png,58,459,1
2484.png,217,465,1
2485.png,193,71,1
2486.png,147,334,1
2487.png,-1,-1,0
2488.png,-1,-1,0
2489.png,384,393,1
2490.png,-1,-1,0
2491.png,-1,-1,0
2492.png,292,43,1
2493.png,-1,-1,0
2494.png,-1,-1,0
2495.png,-1,-1,0
2496.png,176,123,1
2497.png,-1,-1,0
2498.png,-1,-1,0
2499.png,-1,-1,0
2500.png,-1,-1,0
2501.png,-1,-1,0
2502.png,171,54,1
2503.png,250,341,1
2504.png,409,400,1
2505.png,49,123,1
2506.png,178,420,1
2507.png,-1,-1,0
2508.png,-1,-1,0
2509.png,-1,-1,0
2510.png,-1,-1,0
2511.png,-1,-1,0
2512.png,-1,-1,0
2513.png,-1,-1,0
2514.png,-1,-1,0
2515.png,193,121,1
2516.png,202,219,1
2517.png,210,324,1
2518.png,271,321,1
2519.png,132,479,1
2520.png,134,271,1
2521.png,-1,-1,0
2522.png,-1,-1,0
2523.png,313,84,1
2524.png,-1,-1,0
2525.png,353,433,1
2526.png,327,139,1
2527.png,387,46,1
2528.png,110,269,1
2529.png,442,142,1
2530.png,-1,-1,0
2531.png,258,291,1
2532.png,217,36,1
2533.png,224,209,1
2534.png,-1,-1,0
2535.png,-1,-1,0
2536.png,171,135,1
2537.png,107,435,1
2538.png,-1,-1,0
2539.png,450,114,1
2540.png,457,333,1
2541.png,-1,-1,0
2542.png,452,213,1
2543.png,134,343,1
2544.png,58,418,1
2545.png,135,286,1
2546.png,-1,-1,0
2547.png,-1,-1,0
2548.png,412,35,1
2549.png,-1,-1,0
2550.png,267,133,1
2551.png,352,246,1
2552.png,405,48,1
2553.png,-1,-1,0
2554.png,-1,-1,0
2555.png,-1,-1,0
2556.png,-1,-1,0
2557.png,-1,-1,0
2558.png,85,425,1
2559.png,-1,-1,0
2560.png,324,233,1
2561.png,-1,-1,0
2562.png,458,332,1
2563.png,235,387,1
2564.png,224,201,1
2565.png,257,213,1
2566.png,194,291,1
2567.png,337,160,1
2568.png,168,416,1
2569.png,-1,-1,0
2570.png,-1,-1,0
2571.png,-1,-1,0
2572.png,95,472,1
2573.png,-1,-1,0
2574.png,327,348,1
2575.png,433,293,1
2576.png,-1,-1,0
2577.png,-1,-1,0
2578.png,-1,-1,0
2579.png,136,208,1
2580.png,-1,-1,0
2581.png,135,218,1
2582.png,98,73,1
2583.png,163,179,1
2584.png,-1,-1,0
2585.png,-1,-1,0
2586.png,162,127,1
2587.png,251,68,1
2588.png,457,148,1
2589.png,-1,-1,0
2590.png,150,420,1
2591.png,-1,-1,0
2592.png,178,197,1
2593.png,-1,-1,0
2594.png,-1,-1,0
2595.png,-1,-1,0
2596.png,391,204,1
2597.png,99,51,1
2598.png,-1,-1,0
2599.png,375,65,1
2600.png,447,51,1
2601.png,-1,-1,0
2602.png,-1,-1,0
2603.png,-1,-1,0
2604.png,194,369,1
2605.png,316,292,1
2606.png,364,168,1
2607.png,-1,-1,0
2608.png,-1,-1,0
2609.png,-1,-1,0
2610.png,-1,-1,0
2611.png,90,295,1
2612.png,56,243,1
2613.png,242,135,1
2614.png,453,290,1
2615.png,-1,-1,0
2616.png,-1,-1,0
2617.png,-1,-1,0
2618.png,175,151,1
2619.png,-1,-1,0
2620.png,363,187,1
2621.png,377,456,1
2622.png,425,296,1
2623.png,-1,-1,0
2624.png,391,233,1
2625.png,337,340,1
2626.png,83,463,1
2627.png,-1,-1,0
2628.png,77,164,1
2629.png,77,387,1
2630.png,430,236,1
2631.png,-1,-1,0
2632.png,289,454,1
2633.png,175,142,1
2634.png,447,283,1
2635.png,401,368,1
2636.png,-1,-1,0
2637.png,-1,-1,0
2638.png,174,109,1
2639.png,390,50,1
2640.png,-1,-1,0
2641.png,-1,-1,0
2642.png,-1,-1,0
2643.png,359,122,1
2644.png,224,82,1
2645.png,-1,-1,0
2646.png,-1,-1,0
2647.png,-1,-1,0
2648.png,-1,-1,0
2649.png,-1,-1,0
2650.png,-1,-1,0
2651.png,260,393,1
2652.png,180,127,1
2653.png,-1,-1,0
2654.png,417,302,1
2655.png,225,160,1
2656.png,-1,-1,0
2657.png,86,430,1
2658.png,124,334,1
2659.png,408,95,1
2660.png,299,276,1
2661.png,426,105,1
2662.png,-1,-1,0
2663.png,-1,-1,0
2664.png,-1,-1,0
2665.png,168,347,1
2666.png,66,116,1
2667.png,-1,-1,0
2668.png,318,365,1
2669.png,262,477,1
2670.png,-1,-1,0
2671.png,-1,-1,0
2672.png,-1,-1,0
2673.png,88,363,1
2674.png,180,382,1
2675.png,53,122,1
2676.png,398,267,1
2677.png,-1,-1,0
2678.png,-1,-1,0
2679.png,-1,-1,0
2680.png,-1,-1,0
2681.png,345,410,1
2682.png,79,275,1
2683.png,77,56,1
2684.png,81,406,1
2685.png,402,375,1
2686.png,122,452,1
2687.png,324,156,1
2688.png,229,200,1
2689.png,287,335,1
2690.png,-1,-1,0
2691.png,-1,-1,0
2692.png,135,352,1
2693.png,150,423,1
2694.png,-1,-1,0
2695.png,284,419,1
2696.png,126,182,1
2697.png,127,48,1
2698.png,283,147,1
2699.png,178,73,1
2700.png,-1,-1,0
2701.png,402,146,1
2702.png,180,313,1
2703.png,125,140,1
2704.png,242,118,1
2705.png,-1,-1,0
2706.png,289,150,1
2707.png,-1,-1,0
2708.png,-1,-1,0
2709.png,-1,-1,0
2710.png,304,276,1
2711.png,-1,-1,0
2712.png,-1,-1,0
2713.png,-1,-1,0
2714.png,95,442,1
2715.png,100,56,1
2716.png,63,199,1
2717.png,185,284,1
2718.png,148,224,1
2719.png,-1,-1,0
2720.png,-1,-1,0
2721.png,366,448,1
2722.png,381,268,1
2723.png,330,98,1
2724.png,-1,-1,0
2725.png,-1,-1,0
2726.png,-1,-1,0
2727.png,-1,-1,0
2728.png,-1,-1,0
2729.png,297,472,1
2730.png,362,315,1
2731.png,-1,-1,0
2732.png,-1,-1,0
2733.png,359,268,1
2734.png,403,284,1
2735.png,167,50,1
2736.png,-1,-1,0
2737.png,56,406,1
2738.png,166,292,1
2739.png,-1,-1,0
2740.png,116,126,1
2741.png,185,261,1
2742.png,303,410,1
2743.png,-1,-1,0
2744.png,-1,-1,0
2745.png,255,180,1
2746.png,-1,-1,0
2747.png,-1,-1,0
2748.png,-1,-1,0
2749.png,-1,-1,0
2750.png,-1,-1,0
2751.png,-1,-1,0
2752.png,247,330,1
2753.png,-1,-1,0
2754.png,277,251,1
2755.png,415,326,1
2756.png,-1,-1,0
2757.png,456,393,1
2758.png,-1,-1,0
2759.png,-1,-1,0
2760.png,396,452,1
2761.png,322,347,1
2762.png,280,196,1
2763.png,-1,-1,0
2764.png,-1,-1,0
2765.png,174,193,1
2766.png,-1,-1,0
2767.png,-1,-1,0
2768.png,403,476,1
2769.png,-1,-1,0
2770.png,-1,-1,0
